stationcode,name,capacity,station_opening_hours,panne
5016,Thouin - Cardinal Lemoine,0,,True
11025,Froment - Bréguet,0,,True
16138,Saint-Cloud - Hippodrome,0,,True
10161,Gare de l'Est - Faubourg-Saint-Martin,0,,True
21328,Verger - Colonel Guichard,0,,True
5020,Institut du Monde Arabe - Saint-Germain,0,,True
18107,Chartres - La Charbonnière,0,,True
11027,Saint-Ambroise - Parmentier,0,,True
15042,Henry Farman,0,,True
42706,Roger Salengro - Fontainebleau,0,,True
35010,Hoche - Jean Lolive,0,,True
1119,Cossonnerie - Sébastopol,0,,True
16108,Sablons - Georges Mandel,0,,True
9005,Square d'Anvers,0,,True
11004,Charonne - Faubourg Saint-Antoine,2,,False
16124,Route de Sèvres - Porte de Bagatelle,0,,True
13045,Jean Colly - Tolbiac,0,,True
14034,Ouest - Château,0,,True
5119,Jussieu - Guy de la Brosse,0,,True
31705,Champeaux - Gallieni,0,,True
41207,Place du Général de Gaulle,0,,True
12011,Charenton - Place du Col Bourgoin,0,,True
22101,Gare Routière de Saint Cloud,0,,True
2009,Filles Saint-Thomas - Place de la Bourse,1,,False
9115,Milton - Manuel,0,,True
17047,Courcelles - Pierre Demours,0,,True
17046,Mac-Mahon - Brey,0,,True
17121,Square des Epinettes,0,,True
20118,Orteaux - Mouraud,0,,True
9117,Bellefond - Maubeuge,0,,True
9026,Jean-Baptiste Pigalle - La Bruyere,1,,False
32015,Gare RER de Saint-Denis,0,,True
8019,Naples - Rome,0,,True
42703,Fontainebleau - Edmond Michelet,0,,True
18017,Caulaincourt - Place Constantin Pecqueur,0,,True
18137,Poissonniers - Nord,0,,True
31013,Centenaire - Sorins,0,,True
11003,Keller - La Roquette,0,,True
41206,Place des Larris,0,,True
8015,Roquépine - Malesherbes,0,,True
31101,Jules Guesde - Laennec,0,,True
12129,Bois de Vincennes - Porte Jaune,0,,True
8011,Clapeyron - Moscou,0,,True
9036,Athènes - Clichy,0,,True
17023,Porte d'Asnières,0,,True
13109,Brillat-Savarin - Küss,0,,True
21217,Louis Rolland - République,0,,True
10165,Gare de l'Est - Place du 11 Novembre 1918,0,,True
13128,Quai de la Gare - Pont de Bercy,1,,False
17204,Paul Bodin - Clichy,1,,False
8116,Champs-Elysees - Bassano,0,,True
5024,Place Monge,0,,True
10021,Marché Saint-Quentin,0,,True
15129,Hôpital Necker,0,,True
21315,Jules Guesdes - Général de Gaulle,0,,True
21303,Jean Monnet - Iles,0,,True
14001,Edgar Quinet - Gaité,0,,True
26004,Gare RER les Grésillons,0,,True
4006,Bourdon - Pont Morland,0,,True
22301,Chausson - Gabriel Péri,0,,True
20006,Pyrénées - Plaine,0,,True
21953,Gare de Bellevue,0,,True
4103,Archives - Rivoli,0,,True
19129,Solitaires - Place des Fêtes,0,,True
22503,Joffre - Aigle,0,,True
22306,Place du 17 Octobre,0,,True
3003,Fille du Calvaire - Turenne,0,,True
4018,Saint-Bon - Rivoli,0,,True
23107,Gare de Sèvres - Ville d'Avray,0,,True
43403,Gare RER - Canadiens,0,,True
3007,Archives - Pastourelle,0,,True
21119,Belfort - Victor Hugo,0,,True
16010,Belles Feuilles - Place de Mexico,0,,True
19046,Porte de Pantin.,0,,True
34013,Blanqui - Docteur Bauer,0,,True
21011,Silly - Louis Blériot,0,,True
42022,Gare RER - Maurice Grandcoing,0,,True
14004,Port Royal - Hôpital Cochin,0,,True
35013,Guillaume Tell - Parc Henri Barbusse,0,,True
13036,Olympiades,6,,False
43004,Montreuil - République,0,,True
5033,Saint-Séverin - Saint-Michel,0,,True
17110,Legendre - Nollet,2,,False
18101,Championnet.,0,,True
6028,Quatre Vents - Carrefour de l'Odéon,0,,True
13055,M.- A. Lagroua Weill-Hallé -  F. Dolto,0,,True
17126,Hélène et François Missoffe - Emile Borel,0,,True
34005,Adrien Lesesne - Docteur Bauer,0,,True
7023,Bourdonnais - Tour Eiffel,0,,True
1003,Saint-Denis - Rivoli,0,,True
21404,Jean Jaurès - Gare de Clamart,0,,True
4104,Sebastopol - Rambuteau,1,,False
12010,Daumesnil - Picpus,0,,True
21010,Silly - Galliéni,0,,True
7003,Square Boucicaut,0,,True
19033,Cambrai - Benjamin Constant,1,,False
92002,Théâtre des Amandiers - Palais des sports,0,,True
40016,Sarrazins - Saussure,0,,True
8048,Marceau - Chaillot,0,,True
9038,Douai - Bruxelles,0,,True
18203,Lamarck - Saint-Ouen,0,,True
92007,Pesaro - Préfecture,0,,True
11023,Saint-Maur - Roquette,0,,True
21212,Marne - Germain Dardan,0,,True
8017,Rocher - Laborde,0,,True
14106,Marc Sangnier - Porte de Vanves,0,,True
8045,Place de la Reine Astrid,0,,True
17013,Legendre - Dulong,0,,True
7102,Mairie du 7ème,0,,True
42504,Gare RER de Gentilly,0,,True
18201,Tristan Tzara -  Tchaïkovski,0,,True
18012,Stephenson - Doudeauville,2,,False
16121,Jardin d'Acclimatation,0,,True
33009,Félix Faure - Sadi Carnot,0,,True
18005,Tardieu - Chappe,0,,True
2010,Uzès - Montmartre,0,,True
13102,Pitié-Salpêtrière,0,,True
10015,Lucien Sampaix - Récollets,0,,True
22001,Château - Bineau,0,,True
31007,Paris - Désiré Préaux,25,,False
19040,Belleville - Télégraphe,0,,True
18029,Emile Blemont - Poteau,0,,True
35017,Toffier Decaux - Cartier Bresson,0,,True
14002,Edgar Quinet - Raspail,0,,True
18033,Belliard - Damrémont,0,,True
9017,Lallier - Trudaine,0,,True
13010,Place d'Italie - Vincent Auriol,0,,True
17016,Brochant - Square des Batignolles,0,,True
18019,Square Raymond Souplex,4,,False
20103,Le Vau - Maurice Bertaux,0,,True
12154,Square Georges Melies,0,,True
16041,Versailles - Claude Terrasse,0,,True
23005,Gare de Clichy-Levallois,0,,True
20039,Belleville - Couronnes,0,,True
44002,Paul Vaillant-Couturier - Gare RER,0,,True
31025,Paul Signac - Aristide Briand,0,,True
17015,Place de Lévis,0,,True
4002,Marché aux fleurs,0,,True
17003,Jacques Kellner - Saint-Ouen,5,,False
15311,Quai du Président Roosevelt - Pont Aval,0,,True
44016,Balzac - Olympes de Gouges,0,,True
9006,Dunkerque - Trudaine,0,,True
10008,Cité Riverin - Château d'Eau,0,,True
8117,Place de la Madeleine - Royale,0,,True
18202,Diane Arbus,0,,True
9009,Square Montholon,0,,True
4014,Blancs-Manteaux - Archives,0,,True
19012,Lally-Tollendal - Armand Carrel,0,,True
42704,Mairie du Kremlin-Bicêtre,0,,True
1012,Jean-Jacques Rousseau - Deux Ecus,0,,True
12166,Parc Floral du Bel Air,25,,False
22603,Place de la Division Leclerc,1,,False
17202,Mariotte - Batignolles,0,,True
8018,Saint-Augustin,0,,True
21329,Gare - Aristide Briand,0,,True
14005,René Coty - Place Denfert-Rochereau,0,,True
6020,Place Saint-André des Arts,0,,True
22703,Place Jean Mermoz,0,,True
19204,Rampal - Belleville,0,,True
11014,Place de la Nation - Taillebourg,0,,True
35002,Jean Jaurès - Presles,0,,True
15122,Place Charles Vallin,0,,True
27004,Gare de la Garenne-Colombes,0,,True
16107,Benjamin Godard - Victor Hugo,0,,True
17041,Guersant - Gouvion-Saint-Cyr,0,,True
17026,Jouffroy d'Abbans - Wagram,0,,True
18111,Félix Ziem - Armand Gauthier,0,,True
17004,Legendre - Clichy,0,,True
20042,Pyrénées - Emmery,0,,True
14124,David Weill - Parc Montsouris,0,,True
42021,Raspail - Manufacture des Oeillets,0,,True
18009,Jean-François Lépine - Stephenson,0,,True
16008,Galilée - Kléber,0,,True
19029,Seine - Flandre,0,,True
20119,Square des Saint-Simoniens,0,,True
15029,Emeriau - Place de Brazzaville,0,,True
12032,Porte Dorée,0,,True
51003,Hôtel de Ville d'Argenteuil,0,,True
13043,Dunois - Clisson,0,,True
14122,Colonel Monteil - Brune,0,,True
6016,Danton - Serpente,0,,True
16021,François Ponsard - La Muette,0,,True
19127,Aubervilliers - Curial,0,,True
1120,Lavandieres Sainte Opportune - Rivoli,0,,True
11043,Place Pasdeloup,0,,True
31023,Place François Mitterand,0,,True
12041,Bois de Vincennes.,7,,False
2110,Jeûneurs - Mulhouse,0,,True
7026,Place de Finlande,0,,True
8105,François 1er - Lincoln,0,,True
8049,Georges V - François 1er,0,,True
17005,Brochant - Clichy,0,,True
31026,Demi-Lune - Aristide Briand,0,,True
21203,Place Jules Ferry,0,,True
15023,La Motte-Picquet - Grenelle,0,,True
9004,Gérando - Rochechouart,0,,True
32601,Porte des Lilas - Faidherbe,1,,False
9034,Godot de Mauroy - Madeleine,0,,True
12015,Place de la Nation - Picpus,0,,True
12037,Reuilly - Daumesnil,0,,True
20024,Gambetta - Père Lachaise,0,,True
6104,Herschel - Observatoire,0,,True
16102,Pergolèse - Marbeau,0,,True
3011,Turbigo - Réaumur,0,,True
14022,Didot - Mariniers,0,,True
19130,Place Paul Delouvrier,0,,True
32019,Place du 8 mai 1945.,0,,True
18015,Custine - Ramey,0,,True
1017,Saint-Honoré - 29 juillet,5,,False
6026,Saint-Placide - Cherche Midi,0,,True
12016,Saint-Mande - Picpus,3,,False
11111,Léon Frot - Charonne,0,,True
13120,Pierre Joseph Desault,2,,False
20005,Reynaldo Hahn - Lagny,0,,True
15014,Volontaires - Vaugirard,3,,False
21027,Fief - République,0,,True
19001,Crimée - Ourcq,0,,True
13013,Saint-Marcel - Hôpital,0,,True
24010,Charles de Gaulle - Rue de l'Alma,0,,True
32023,Guy Môquet - Jean Moulin,0,,True
12001,Bastille - Biscornet,0,,True
26008,Henri Barbusse - Bourguignons,0,,True
31301,Gare RER,0,,True
13051,Halle Freyssinet - Parvis Alan Turing,0,,True
8038,François 1er - Montaigne,3,,False
11102,Alexandre Dumas - Voltaire,0,,True
13118_relais,Regnault - Patay,0,,True
1022,Danielle Casanova - Place Vendôme,0,,True
19203,Pailleron - Bouret,0,,True
17025,Chazelles - Courcelles,0,,True
20143,Ramponeau - Belleville,0,,True
33017,Anatole France - President Roosevelt,0,,True
15104,Hôpital Européen Georges Pompidou,0,,True
19103,Manin - Carrières d'Amérique,0,,True
41209,Cimetière de Fontenay-sous-Bois,0,,True
41601,Général De Gaulle - Alouette,0,,True
11042,Grand Prieuré - Crussol,1,,False
26007,Square Gilbert Thomain,0,,True
32303,Gaston Roussel - Commune de Paris,0,,True
5021,Jussieu - Fossés Saint-Bernard,0,,True
25008,Place du 8 Mai 1945,0,,True
42707,Place Jean-Baptiste Clément,0,,True
16129,Ceinture du Lac Inferieure - Saint-Cloud,0,,True
41604,Lagny - Joffre,0,,True
14139,Pierre Larousse - Raymond Losserand,0,,True
15038,Place Adolphe Cherioux - Vaugirard,0,,True
44012,Génie - Mozart,0,,True
19009,Cité des Sciences et de l'Industrie,0,,True
18113,Lepic - Armée d'Orient,0,,True
31703,Sadi Carnot - François Mitterrand,0,,True
15003,Gare Montparnasse - Vaugirard,0,,True
4110,Neuve Saint-Pierre - Beautreillis,0,,True
7020,Champ de Mars - Cler,0,,True
2001,Greneta - Sebastopol,0,,True
11048,Place Mireille Havet,0,,True
18114,Véron - Lepic,0,,True
35015,Averroès - Aimé Césaire,0,,True
10152,Gare du Nord - Place de Valenciennes,0,,True
10037,Quai de Valmy,0,,True
21316,Cimetière d'Issy-les-Moulineaux,0,,True
21219,Amaury Duval - Gabriel Péri,0,,True
4001,Arcole - Notre-Dame,0,,True
43001,Paris - Laitières,0,,True
12007,Gare de Lyon - Chalon,0,,True
25001,Colmar - Victor Hugo,0,,True
47001,Place de la Gare,0,,True
44101,Place Mongolfier,0,,True
6027,Blaise-Desgoffe - Vaugirard,0,,True
15005,Place Jacques et Thérèse Tréfouël,0,,True
21306,Place Lafayette,0,,True
9024,Taitbout - La Fayette,0,,True
15006,Cherche-Midi - Hôpital Necker,0,,True
14135,Jourdan - Cité Universitaire,0,,True
4021,Centre Georges Pompidou,0,,True
19002,Centquatre,0,,True
21506,Maurice Payret-Dortail,0,,True
19111,Cesaria Evora - Rosa Parks,2,,False
42211,Séminaire de Conflans - Liberté,12,,False
16044,Porte de Saint Cloud - Parc des Princes,0,,True
19202,Marseillaise - Grenade,0,,True
1008,Les Halles - Saint-Eustache,0,,True
9019,Victor Massé - Jean-Baptiste Pigalle,0,,True
19006,Mathis - Flandre,0,,True
24101,Place Charles de Gaulle,0,,True
12123,Château de Vincennes,0,,True
15024,Suffren - La Motte-Piquet,0,,True
14035,Maine - Jean Zay,0,,True
13023,Bobillot - Moulin des Prés,0,,True
20106,Mairie du 20ème,3,,False
20033,Etienne Dolet - Place Maurice Chevalier,0,,True
21510,Fontaine du Tertre - Calvaire,0,,True
51007,Résistance - Romain Rolland,0,,True
21511,Marcel Monge - Marcel Dassault,0,,True
20037,Gambetta - Saint Fargeau,0,,True
26011,Ménil - Argenteuil,0,,True
22602,Place Henri Dunant - Gare RER,0,,True
25010,Maréchal Leclerc de Hauteclocque - Marché Buzenval,0,,True
12165,Champs de Manoeuvre - Cartoucherie,0,,True
47007,Liberté - Vert-de-Maisons,0,,True
11037,Faubourg Du Temple - Republique,0,,True
42004,Westermeyer - Paul Vaillant-Couturier,0,,True
15202,Bracion - Périphérique,0,,True
13101,Croulebarde - Corvisart,2,,False
8103,Artois - Berri,0,,True
43009,Place Jean-Spire-Lemaître,0,,True
10115,Granges aux Belles,5,,False
17008,Porte Pouchet-Bessières,0,,True
11047,Amelot - Saint-Sébastien,0,,True
14020,Cimetière de Montrouge,0,,True
44006,Concorde - Stalingrad,0,,True
11113,Richard Lenoir - Republique,0,,True
19101,Square Simon Bolivar,3,,False
21005,Hôtel de Ville de Boulogne Billancourt,0,,True
15046,Parc Georges Brassens - Brancion,3,,False
21301,Saint-Vincent - Verdun,0,,True
9032,Mathurins - Auber,0,,True
32026,Leroy des Barres - Médiathèque,0,,True
8035,Bienfaisance - Place de Narvik,0,,True
35018,Ancien Canal - Hélène Brion,0,,True
6013,Jacques Callot - Mazarine,6,,False
15010,Square Cambronne,0,,True
22505,Mairie de La Garenne Colombes,0,,True
42503,Vladimir Ilitch Lénine - Andrée Chedid,0,,True
11114,Ledru-Rollin - Charonne,0,,True
20021,Indre - Prairies,0,,True
19109,Tanger - Place du Maroc,0,,True
9031,Provence - Chaussée d'Antin,0,,True
11006,Ledru-Rollin - Place du Père Chaillet,0,,True
47005,Ecole Vétérinaire,0,,True
23007,Président Wilson - Jean Jaures,0,,True
7008,Villersexel - Saint-Germain,0,,True
32018,Franciade - Gabriel Péri,0,,True
13114,Nationale - Marcel Duchamp,0,,True
14116,Romain Rolland,0,,True
2014,Daunou - Louis le Grand,0,,True
31017,Jean Moulin - Paul Doumer,0,,True
13047,Boutroux - Porte de Vitry,0,,True
15019,Paul Barruel - Vaugirard,0,,True
11031,Jacquard - Ternaux,0,,True
13515,Auguste Blanqui - Glacière,0,,True
16009,Saint-Didier - Raymond Poincaré,0,,True
17039,Place Saint-Ferdinand,0,,True
42305,Vanne - Saussaies,0,,True
23902,Gallieni - Lycée Charles Petitet,0,,True
16020,Place de la Porte de Passy,0,,True
42003,Place de l'Insurrection d'Août 1944,0,,True
13032,Italie - Jardin Joan Miro,0,,True
43010,La Jarry - Place Diderot,0,,True
10162,Alexandre Parodi - Quai de Valmy,0,,True
27005,Gare du Stade,0,,True
17111,Lemercier - Cardinet,0,,True
14011,Place des Droits de l'Enfant,0,,True
20034,Sorbier - Ménilmontant,0,,True
24006,Adolphe Lalyre - Armand Silvestre,0,,True
35012,Candale - Mehul,0,,True
4101,Bastille - Beaumarchais,0,,True
27001,Square Victor Basch,0,,True
1015,Place André Malraux,0,,True
12017,Saint-Mandé - Docteur Arnold Netter,0,,True
16140,Hippodrome de Longchamp,0,,True
21954,Val-Fleury,0,,True
23201,Avenir,0,,True
23203,Division Leclerc - Kléber,0,,True
13205,Choisy - Pointe d'Ivry,0,,True
21501,Pont de Suresnes,0,,True
8057,Hoche - Tilsitt,0,,True
40010,Haut du Mont-Mesly,0,,True
40013,Hôtel de Ville de Créteil,0,,True
23011,Bineau - Louise Michel,0,,True
32004,Wilson - Landy,0,,True
4010,Saint-Antoine Sévigné,0,,True
11104,Charonne - Robert et Sonia Delaunay,0,,True
19027,Serrurier,0,,True
17040,Pereire - Ternes,0,,True
11002,Roquette - Thiéré,0,,True
14138,Porte de Vanves,0,,True
44013,Edouard Tremblay - Julian Grimaux,0,,True
21015,Nationale - Place Jules Guesde,0,,True
22402,Jean Jaurès - Salvador Allende,0,,True
43005,Gare RER de Vincennes,0,,True
22003,Beffroy,0,,True
13050,Quai Panhard et Levassor,0,,True
32302,Chemin Vert - Fraternité,0,,True
16040,Exelmans - Michel-Ange,0,,True
14036,Boulard - Daguerre,0,,True
17037,Bayen - Pereire,3,,False
33001,Victor Hugo - Magasins Généraux,0,,True
8055,Courcelles - Place des Ternes,7,,False
12024,Gare de Bercy,0,,True
14104,Boyer-Barret - Raymond Losserand,0,,True
14018,Porte d'Orléans,0,,True
18109,Pajol - Riquet,0,,True
35003,Gabrielle Josserand - Edouard Vaillant,0,,True
16029,Maison de Radio - France,5,,False
19041,Belleville - Pyrénées,1,,False
23403,Chateau,0,,True
19023,Manin - Simon Bolivar,0,,True
23008,Hôtel de Ville de Levallois Perret,0,,True
10164,Claude Vellefaux - Sambre et Meuse,0,,True
4109,Mornay - Sully,0,,True
2101,Bachaumont - Montmartre,0,,True
21952,Place Tony de Graaff,0,,True
11110,Roquette - Folie Regnault,8,,False
14128,Gergovie - Vercingétorix,0,,True
17001,Guy Môquet - Saint-Ouen,4,,False
21708,Marcel Yol - Jullien,0,,True
41210,Hôtel de ville de Fontenay-sous-Bois,0,,True
21702,Gare SNCF Vanves-Malakoff,0,,True
15052,Convention - Vaugirard,0,,True
8001,Petit Palais,0,,True
20007,Buzenval - Avron,0,,True
15030,Emeriau - Beaugrenelle,0,,True
35007,Benjamin Delessert - Jean Lolive,0,,True
13044,Place Jeanne d'Arc,0,,True
41205,Maréchal Joffre - Verdun,0,,True
44005,Place Saint-Just,0,,True
15011,Cambronne - Villa Croix Nivert,0,,True
5115,Buffon - Jardin des Plantes,0,,True
21707,Square Etienne Jarousse,0,,True
21402,Place Aimé Césaire,0,,True
33012,Landy - Heurtault,0,,True
10032,Claude Vellefaux - Hôpital Saint-Louis,0,,True
48004,Maxime Gorki - Louis Aragon,0,,True
5015,Epée de Bois - Mouffetard,0,,True
20001,Place de la Nation - Charonne,0,,True
18034,Leibniz - Jean Dollfus,0,,True
14137,Maurice d'Ocagne - General Maudhuy,0,,True
12002,Lacuée - Lyon,0,,True
15111,Olivier de Serres - Leriche,2,,False
48005,Eugène Varlin - Place de la Paix,0,,True
42026,Barbès - Monique Maunoury,0,,True
22601,Marx Dormoy - Château Sainte-Barbe,0,,True
16139,Suresnes - Muette à Neuilly,0,,True
23104,Quai de Sèvres - Manufacture Nationale,0,,True
20048,Bagnolet - Place Saint-Blaise,0,,True
13049,Vincent Auriol - Louise Weiss,0,,True
13015,Chevaleret - Louise Weiss,0,,True
20020,Pyrénées - Charles Renouvier,0,,True
12008,Hector Malot - Daumesnil,0,,True
16023,Passy - Place du Costa Rica,0,,True
19123,Metz - Marne,0,,True
25009,Place des Arts - Jean Mermoz,0,,True
41101,Paul Doumer - Stalingrad,0,,True
18023,Ordener - Poissonniers,0,,True
11020,Belfort - Voltaire,0,,True
21213,Vanne - Général de Gaulle,0,,True
10031,Louis Blanc - Aqueduc,0,,True
15026,Bir Hakeim,0,,True
6001,Institut de France,0,,True
12127,Tremblay - Lac des Minimes,0,,True
8004,Malesherbes - Place de la Madeleine,0,,True
6108,Saint-Romain - Cherche-Midi,0,,True
40011,Bas du Mont-Mesly,0,,True
12109,Mairie du 12ème,0,,True
21326,Moulin de Pierre - Abbé Grégoire,0,,True
7018,Ségur - d'Estrées,0,,True
21323,Charlot - Stade Gabriel Voisin,0,,True
19015,Thionville - Ourcq,0,,True
26003,Argenteuil - Voltaire,0,,True
17043,Belidor - Gouvion-Saint-Cyr,26,,False
10016,Récollets - Square Villemin,0,,True
33102,Gabriel Péri - Francisco Ferrer,0,,True
31003,Paris - Emile Zola,0,,True
10014,Marseille - Beaurepaire,0,,True
12204,Prague - Théophile Roussel,1,,False
32016,Place de la Porte de Paris,0,,True
19205,Simon Bolivar - Henri Turot,0,,True
28001,Richard Wallace - Place du 8 Mai 1945,0,,True
18110,Departement - Pajol,0,,True
19005,Flandre - Riquet,0,,True
43402,Place de Verdun,0,,True
21305,Place Jacques Madaule,0,,True
33003,Bordier - Félix Faure,0,,True
27002,Parc Pierre Lagravère,0,,True
17007,Navier - Epinettes,0,,True
18020,Francoeur - Marcadet,0,,True
5116,Place Valhubert,0,,True
13026,Place Jean Delay,0,,True
21105,Morice - Général Leclerc,0,,True
16032,Eglise d'Auteuil,0,,True
9023,Laffitte - Italiens,0,,True
18049,Porte d'Aubervilliers,0,,True
21014,Hameau Fleuri - Marché,0,,True
15070,Balard - Montagne de la Fage,0,,True
10010,Place Jacques Bonsergent,0,,True
7016,Surcouf - Université,2,,False
11019,Charonne - Philippe-Auguste,0,,True
9015,Lamartine - Faubourg Montmartre,0,,True
19113,Pré Saint-Gervais - Lilas,0,,True
13117,Stade Georges Carpentier,0,,True
10012,Vinaigriers - Magenta,0,,True
21204,Estienne d'Orves - Henri Ginoux,0,,True
15057,Lucien Bossoutrot - Général Martial Vallin,0,,True
15004,Vaugirard - Pasteur,0,,True
8037,Monceau - Malesherbes,0,,True
51002,Placette Grégoire Collas,0,,True
12005,Crozatier - Faubourg Saint-Antoine,0,,True
41203,Stalingrad - Rigollots,3,,False
14026,Plantes - Moulin Vert,0,,True
12019,Gare de Reuilly - Picpus,5,,False
8028,Arsène Houssaye - Champs-Elysées,0,,True
31709,Place de la Fraternité,0,,True
3001,Beaumarchais - Saint-Gilles,0,,True
3012,Square Emile - Chautemps,0,,True
13125,Gare d'Austerlitz - Pont Charles de Gaulle,0,,True
4012,Tiron - Rivoli,0,,True
21215,Verdier - Jean Jaurès,0,,True
13054,Pau Casals - Neuve Tolbiac,0,,True
48012,Stalingrad - Henri Luisette,0,,True
32605,Mairie,0,,True
23206,Béranger - Félix Faure,0,,True
20032,Square des Amandiers,0,,True
16022,Jean Bologne - Passy,0,,True
21016,Point du Jour - Jean Jaurès,0,,True
11038,Temple - Charlot,0,,True
35021,Cartier Bresson - Denis Papin,0,,True
11001,Richard Lenoir - Place de la Bastille,0,,True
23204,Roland Garros - Jean Bouin,0,,True
10026,Gare de l'Est - Chateau Landon,0,,True
18026,Ruisseau - Ordener,0,,True
3004,Place de la République - Temple,3,,False
15105,Fédération - Suffren,0,,True
33019,Madeleine Vionnet,2,,False
4005,Quai des Célestins - Henri IV,0,,True
44015,Rouget de L'isle - Watteau,0,,True
44017,Jules Guesde - Pont du Port à l'Anglais,0,,True
16118,Michel-Ange - Parent de Rosan,0,,True
14013,Liard - Amiral Mouchez,0,,True
9002,Abbeville - Faubourg Poissonnière,0,,True
5022,Boulangers - Cardinal Lemoine,0,,True
19105,Ambroise Rendu - Porte Brunet,0,,True
22409,Henri Barbusse - Stalingrad,0,,True
12128,Pyramide - Ecole du Breuil,0,,True
15106,Grenelle - Violet,0,,True
31102,Boissière - Etienne Dolet,0,,True
21006,Marcelin Berthelot,0,,True
44003,Gabriel Péri - Danielle Casanova,0,,True
9010,Rochechouart lamartine,0,,True
24001,Arche - Léonard de Vinci,0,,True
14136,Auguste Cain - Jean Moulin,0,,True
32003,Wilson - Métallurgie,0,,True
8025,Miromesnil - La Boétie,0,,True
11007,Jean Macé - Faidherbe,0,,True
33018,Edouard Poisson - Victor Hugo,0,,True
7015,Varenne,0,,True
5106,Cujas - Saint-Michel,0,,True
31012,Place Carnot,0,,True
5026,Pascal - Claude Bernard,0,,True
15028,Grenelle - Dr Finlay,0,,True
8102,Lamennais - Washington,0,,True
21019,Edouard Vaillant - Paul-Adolphe Souriau,0,,True
17027,Place du Maréchal Juin - Péreire,0,,True
16123,Mahatma Gandhi,26,,False
14112,Méchain - Faubourg Saint-Jacques,0,,True
47004,Stade Auguste Delaune,0,,True
16122,Route de la Muette - Porte de Neuilly,0,,True
21311,Parvis Corentin Celton,0,,True
17116,Reims - Porte d'Asnières,0,,True
15061,Square Desnouettes,0,,True
33005,République - Henri Barbusse,0,,True
18142,Jessaint - Marx Dormoy,0,,True
18035,René Binet - Porte de Montmartre,0,,True
19036,Hôpital Robert Debré,0,,True
14113,Santé - Arago,0,,True
15072,Place Fernand Forest,0,,True
16007,Longchamp - Place d'Iéna,2,,False
22604,Hôtel de Ville de Fontenay-aux-Roses,0,,True
21028,Pierre Lefaucheux - Traversière,0,,True
20108,Jardin de l'Hospice Debrousse,0,,True
13033,Porte d'Italie,0,,True
12043,Daumesnil - Hébrard,0,,True
14131,Jourdan - Monticelli,0,,True
14010,Jean Moulin - Place Victor et Hélène Basch,0,,True
4020,Place Edmond Michelet,0,,True
33016,Fort d'Aubervilliers,0,,True
6002,Saint-Benoît - Jacob,0,,True
2013,Favart - Italiens,2,,False
13005,Cordelières - Arago,0,,True
21507,Gardenat-Lapostol - Velettes,0,,True
8036,Lisbonne - Monceau,4,,False
2016,Aboukir - Alexandrie,0,,True
12164,Stade Pershing,0,,True
18010,Riquet - Marx Dormoy,0,,True
18135,Ney - Porte de Montmartre,0,,True
25007,Bons Raisins - Voltaire,0,,True
41605,Général De Gaulle - Vivien,0,,True
43007,Hôtel de Ville de Vincennes,0,,True
12022,Sahel - Général Michel Bizot,0,,True
21023,Ancienne Mairie - André Morizet,1,,False
12122,Bois de Vincennes - Polygone,0,,True
11028,Guillaume Bertrand - République,0,,True
25002,Hôtel de Ville de Rueil-Malmaison,0,,True
15113,Arsonval - Falguière,0,,True
3201,Payenne - Square George Caïn,0,,True
18045,Pierre Ginier - Clichy,0,,True
22507,Châteaudun - Place de la Liberté,0,,True
12106,Gare de Lyon - Roland Barthes,0,,True
21320,Président Roosevelt - Rouget de Lisle,0,,True
47008,Les Planètes,0,,True
35001,Jean Jaurès - Ouvrières Pivéreuses,0,,True
40015,Iles de Loisirs de Créteil,0,,True
14014,Jourdan - Stade Charléty,0,,True
13007,Le Brun - Gobelins,0,,True
30002,Jean Rostand - Paul Vaillant Couturier,0,,True
22207,Rond-point du Dr Albert Schweitzer,0,,True
31103,Gare Rosny-Bois-Perrier,0,,True
9014,Faubourg Montmartre - La Fayette,0,,True
19003,Quai de la Seine,0,,True
12151,Gare de Lyon - Place Louis Armand,0,,True
10107,Gare du Nord - Hôpital Lariboisière,0,,True
31022,Mairie de Montreuil,0,,True
46002,Rouget de Lisle,0,,True
19120,Carducci - Place Hannah Arendt,0,,True
14003,Schoelcher - Raspail,0,,True
5018,Mutualité,2,,False
12114,Victor Hugo - Jeanne Jugan,0,,True
14012,Sibelle - Alésia,0,,True
15110,Place Robert Guillemard,0,,True
22203,Tertres - Fontaine,0,,True
35020,Marcelle - Thalie,0,,True
19032,Villette - Belleville,0,,True
11024,Mairie du 11ème,0,,True
31010,Stalingrad - Désiré Chevalier,0,,True
21313,Guynemer - Séverine,0,,True
18141,Clignancourt - Sofia,0,,True
20040,Parc de Belleville - Julien Lacroix,0,,True
15108,Lourmel - Marie Skobtsov,4,,False
6107,Place Alphonse Deville,0,,True
16112,Chernoviz - Raynouard,0,,True
45001,Hôtel de Ville de Champigny sur Marne,0,,True
20202,Dupont de l'Eure - Gambetta,0,,True
5019,Poissy - Saint-Germain,0,,True
23105,Sèvres Rive Gauche,0,,True
14125,Dareau - Broussais,0,,True
44103,Pont De Charenton,0,,True
10039,Sambre et Meuse - Villette,0,,True
13020,Paul Klee - Place Augusta Holmes,0,,True
20004,Commandant l'Herminier - Gallieni,0,,True
17029,Pierre Demours - Laugier,0,,True
21118,Neuilly - Petit,0,,True
12006,Gare de Lyon - Van Gogh,0,,True
16014,Eylau - Trocadéro,0,,True
13039,Ivry - Simone Weil,0,,True
15043,Brancion - Lefebvre,0,,True
21955,Vaugirard - Verrerie,0,,True
5014,Jean Calvin - Tournefort,0,,True
19108,Gaston Tessier - Rosa Parks RER,2,,False
22206,Louis Pasteur - Albert Petit,0,,True
21319,Esplanade du Foncet - Camille Desmoulins,0,,True
18030,Joseph Dijon - Ornano,0,,True
92006,Place Nelson Mandela,0,,True
9011,Geoffroy - Marie,0,,True
15039,Abbé Groult - Convention,0,,True
20105,Benoît Frachon - République,0,,True
14032,Mairie du 14ème,5,,False
41401,Marne - Charles de Gaulle,0,,True
3102,Bourg l'Abbé - Saint-Martin,0,,True
15001,Gare Montparnasse - Arrivée,0,,True
44014,Camille Risch - Paul Armangot,0,,True
21026,Sèvres - Général Leclerc,0,,True
1102,Française - Etienne Marcel,0,,True
2002,Etienne Marcel - Montorgueil,0,,True
5122,Saint-Michel - Luxembourg,0,,True
21505,Édouard Vaillant - Place Jean Jaurès,0,,True
16201,Porte Dauphine,0,,True
10201,Magenta - Chabrol,0,,True
12202,Charenton - Wattignies,0,,True
42030,Stéphanie Bouvard - Gambetta,0,,True
19121,Belleville -  Pré Saint-Gervais,0,,True
21002,Place Denfert-Rochereau,0,,True
24004,Paix - Verdun,0,,True
23041,Général Leclerc - Bièvre,0,,True
17117,Pereire - Saussure,0,,True
21218,Gabriel Péri - Place de la Libération,0,,True
16033,Marché d'Auteuil,4,,False
28002,De Gaule - Moulin,0,,True
5105,Geoffroy-Saint-Hilaire - Saint-Marcel,0,,True
6009,Guynemer - Jardin du Luxembourg,0,,True
17050,Batignolles - Abel Truchet,0,,True
8031,Jean Mermoz - Champs-Elysées,0,,True
12157,Fabre d'Eglantine - Place de la Nation,0,,True
18205,Mauroy - Cheminots,0,,True
4108,Quai de Béthune - Pont de la Tournelle,0,,True
40003,Centre Hospitalier Intercommunal de Créteil,0,,True
14021,Place de la Porte de Châtillon,0,,True
51005,Yves Farges - Route d'Enghien,0,,True
41301,Bois de Vincennes - Gare,0,,True
21021,Enfants du Paradis - Peupliers,0,,True
5110,Lacépède - Monge,0,,True
8050,Boétie - Ponthieu,1,,False
13030,Italie - Tolbiac,0,,True
5005,Gay Lussac - Saint-Jacques,0,,True
18011,Pajol - Place Herbert,0,,True
18003,Cimetière de Montmartre,0,,True
22406,Guy Môquet - Etienne Dolet,0,,True
42014,Place Marcel Cachin,0,,True
26013,Quai du docteur Dervaux,0,,True
43003,Hôpital Bégin,0,,True
41404,Carnot - Pâquerettes,0,,True
19019,Petit - Manin,0,,True
23802,Raymond Poincaré - Allée de la Marche,0,,True
12126,Gravelle - Route du Bac,6,,False
21013,Pierre Grenier - Pont de Billancourt,0,,True
10023,Gare de l'Est - Verdun,0,,True
13016,Primo Levi - Frigos,0,,True
21003,Jean Jaurès - Jean Baptiste Clément,1,,False
15059,Parc André Citroën,0,,True
8056,Beaujon - Wagram,0,,True
21114,Gustave Eiffel - Parc des Impressionnistes,0,,True
14127,Odessa - Départ,0,,True
15125,Parc Suzanne Lenglen,0,,True
19025,Botzaris - Crimée,0,,True
16003,André Maurois - Joseph et Marie Hackin,0,,True
31021,Résistance - Hoche,0,,True
16011,Victor Hugo - La Pompe,10,,False
18007,Goutte d'or - Barbès,0,,True
35006,Delizy - Louis Nadot,0,,True
13516,Glacière - Soeur Catherine Marie,0,,True
41211,Louis Xavier de Ricard - Ancienne Mairie,0,,True
5001,Harpe - Saint-Germain,0,,True
23102,Hôtel de Ville de Sèvres,0,,True
6022,Marché Saint-Germain,0,,True
33103,Jean Jaurès - Jules Jacquemin,0,,True
8110,Gare Saint-Lazare - Stockholm,0,,True
9111,Victoire - Laffitte,0,,True
5004,Saint-Jacques - Val de Grâce,0,,True
1116,Ventadour - Opéra,0,,True
1023,Saint-Honoré - Musée du Louvre,5,,False
18112,Arthur Ranc - Hôpital Bichat,0,,True
27006,Victor Hugo - Gare,0,,True
42210,Victor Hugo - Paul Eluard,0,,True
44008,Youri Gagarine - Commune de Paris,0,,True
20003,Pyrénées - Cours de Vincennes,0,,True
30003,Moscou - Edouard Vaillant,0,,True
15050,Dominique Pado - Croix Nivert,0,,True
14009,Tombe Issoire - René Coty,0,,True
25004,Marcel Pourtout - Édouard Manet,0,,True
19007,Flandre - Ourcq,6,,False
11018,Saint-Maur - République,0,,True
41212,Nungesser - Santé,0,,True
22209,Verdun - Henri Barbusse,0,,True
11201,Faubourg St-Antoine - Place de la Nation,0,,True
21327,Jean Bouin - Gouverneur Général Eboué,0,,True
31303,Simone Signoret - Paris,0,,True
15013,Volontaires - Lecourbe,2,,False
20112,Jourdain - Place des Grandes Rigoles,0,,True
10114,Granges aux Belles - Hôpital Saint-Louis,0,,True
16103,Traktir - Foch,0,,True
11009,Boulets - Voltaire,0,,True
40012,Stade de la Habette,0,,True
35014,Charles de Gaulle - Jean Lolive,0,,True
17123,Mstislav Rostropovitch - Berthier,0,,True
13123,BNF - Bibliothèque Nationale de France,0,,True
9104,Caumartin - Provence,0,,True
7002,Vaneau - Sèvres,0,,True
16110,Octave Feuillet - Albéric Magnard,0,,True
41303,Gare de Nogent-le-Perreux,0,,True
13104,Gare d'Austerlitz - Quai Saint-Bernard,0,,True
9022,Rossini - Laffitte,0,,True
8010,Liège - Moscou,0,,True
11026,Chemin Vert - Saint-Maur,0,,True
15021,Joseph Liouville - Croix Nivert,0,,True
1013,Place du Palais Royal,0,,True
41402,Victor Hugo - Ecoles,0,,True
11036,Jules Ferry - Faubourg du Temple Paris,0,,True
15025,Dupleix - du Guesclin,0,,True
12013,Montgallet - Reuilly,0,,True
15033,Place Violet,0,,True
20132,Réunion - Avron,0,,True
21502,Verdun - Place Henri IV,0,,True
35019,Anatole France - Jean Lolive,0,,True
15017,Place Falguière,0,,True
43006,Vignerons - Minimes,0,,True
8012,Batignolles - Place de Clichy,0,,True
17124,Porte de Saint-Ouen - Henri Huchard,0,,True
18025,Mairie du 18ème,0,,True
20023,Pelleport - Belgrand,0,,True
15031,Théâtre - Lourmel,0,,True
15002,Maine - Antoine Bourdelle,0,,True
21310,Kléber - Gouverneur Général Eboué,0,,True
20201,Eugène Reisz - Davout,0,,True
13046,Eugène Oudiné - Dessous Des Berges,2,,False
4013,Vieille du Temple - Francs Bourgeois,6,,False
47002,Les Juilliottes,0,,True
11044,Square du Bataclan,0,,True
8029,Place du Canada,0,,True
48009,République - Auguste Perret,0,,True
92005,Gare de Nanterre Ville,0,,True
35004,Place du Président Salvador Allende,0,,True
31707,Edouard Vaillant - Galliéni,0,,True
12150,Bastille - Quai de la Rapée,0,,True
21115,Chancé Milly - Cimetière Communal Sud,0,,True
16115,Raffet - Montmorency,0,,True
21030,Fessart - Château,0,,True
16002,Pergolèse - Malakoff,0,,True
17119,Toqueville - Cardinet,4,,False
31005,Square Denise Buisson,0,,True
10024,Buisson Saint-Louis - Saint-Maur,0,,True
20022,Porte de Bagnolet,0,,True
12036,Reuilly - Place Felix Eboue,0,,True
18139,Poissonniers - Championnet,28,,False
11112,Jules Vallès - Charonne,0,,True
19201,Petit - Georges Thill,0,,True
10009,Mairie du 10ème,0,,True
10027,Dunkerque - Alsace,0,,True
12020,Cours de Vincennes - Soult,0,,True
3002,Saint-Gilles - Turenne,0,,True
14201,Decrès - Alésia,0,,True
23301,Les Blagis,0,,True
20142,Mûriers - Père Lachaise,0,,True
15041,Franquet - Labrouste,0,,True
12119,Dom-Pérignon - Gravelle,0,,True
20013,Alexandre Dumas - Place de la Réunion,0,,True
30004,Jean Jaurès - Place de la Libération,0,,True
11029,Ménilmontant - Oberkampf,0,,True
42027,Verdun - Pierre et Marie Curie,0,,True
30007,Pablo Picasso - Maurice Thorez,0,,True
8044,Alfred de Vigny - Place du Général Brocard,0,,True
32305,Saint-Germain - Verdun,0,,True
18134,Ney - Porte de Clignancourt,0,,True
5201,Saint-Jacques - Soufflot,0,,True
1002,Victoria - Place du Chatelet,0,,True
40001,Hôpital Mondor,0,,True
15047,Morillons - Dantzig,0,,True
6006,Notre-Dame-des-Champs - Stanislas,0,,True
5124,Erasme - Ulm,0,,True
8054,Bertie Albrecht - Hoche,0,,True
41202,Gare Rer de Fontenay sous Bois,0,,True
9116,Victoire - Chaussée d'Antin,0,,True
16136,Théophile Gautier - François Millet,0,,True
13002,Arago - Glacière,0,,True
19013,Laumière - Petit,0,,True
19115,Porte de la Villette,0,,True
32010,Place aux Étoiles,0,,True
11041,Square Saint-Ambroise,1,,False
6017,Sénat - Condé,0,,True
13103,Hôpital Pitié Salpêtrière,0,,True
12161,Diderot - Reuilly,0,,True
32603,Calmette,0,,True
12108,Bercy.,0,,True
9012,Rougemont - Poissonnière,0,,True
13113,Vistule - Choisy,0,,True
20045,Louis Ganne - Davout,0,,True
15009,Suffren - Pérignon,0,,True
7010,Constantine - Université,0,,True
20203,Evariste Galois,0,,True
10153,Gare du Nord - Denain,0,,True
10110,Louis Blanc - Jemmapes,0,,True
15123,Commerce - Letellier,0,,True
15064,Javel - André Citroën,0,,True
23010,Voltaire - Anatole France,0,,True
5012,Estrapade - Ulm,0,,True
12028,Vivaldi - Antoine-Julien Hénard,0,,True
9007,Condorcet - Turgot,2,,False
10033,Gare du Nord - Saint-Vincent de Paul,0,,True
16105,Crevaux - Bugeaud,0,,True
16013,Mairie du 16ème,0,,True
18140,Porte de Clignancourt - Ney,0,,True
10006,Petites Ecuries - Faubourg Saint-Denis,0,,True
2015,Louis le Grand - Italiens,0,,True
3009,Temple - Haudriettes,0,,True
22502,Kléber - National,0,,True
3005,Sainte-Elisabeth - Turbigo,0,,True
2012,Choiseul - Quatre Septembre,0,,True
5003,Le Goff - Gay-Lussac,0,,True
31020,Résistance - Parmentier,0,,True
2006,Place des Victoires,0,,True
2102,Saint-Marc - Feydeau,0,,True
6029,Vaugirard - Monsieur le Prince,0,,True
17020,Jouffroy d'Abbans - Malesherbes,2,,False
31104,Mairie de Rosny-sous-Bois,0,,True
5027,Gobelins - Port-Royal,0,,True
48006,Maxime Gorki - Paul Vaillant-Couturier,0,,True
11022,Roquette - Auguste Laurent,4,,False
48002,LCL Campus - Place Oscar Niemeyer,0,,True
12102,Bercy - Traversiére,0,,True
15045,Porte de la Plaine,0,,True
20030,Ménilmontant - Père Lachaise,0,,True
10001,René Boulanger - Lancry,0,,True
18018,Carpeaux - Place Jacques Froment,0,,True
23205,Parc des Pierrettes,0,,True
17127,Porte de Clichy - Place des Nations Unies,0,,True
23703,Gare de Chaville Rive Gauche,0,,True
15058,Place du Moulin de Javel,0,,True
15103,Cauchy - Cévennes,0,,True
40002,Bleuets - Bordières,0,,True
8002,Gare Saint-Lazare - Cour du Havre,0,,True
32304,Charcot - Benfleet,0,,True
31028,Raspail Barbès,0,,True
48003,Youri Gagarine - Karl Marx,0,,True
13001,Port-Royal - Hôpital du Val-de-Grâce,0,,True
15133,Saint Lambert - Blomet,0,,True
15034,Lakanal - Commerce,0,,True
20115,Louis Lumière - Porte de Bagnolet,0,,True
22016,Charles de Gaulle - Sablonville,0,,True
19016,Hautpoul - Jean Jaurès,0,,True
19125,Place de l'Édit de Nantes,0,,True
9021,Saint Georges - d'Aumale,0,,True
41102,Gare de Laplace,0,,True
24002,Gare de Courbevoie,0,,True
7009,Assemblée Nationale,0,,True
20136,Henri Chevreau - Couronnes,0,,True
31019,Vincennes - Douy-Delcupe,0,,True
31016,Lucie Aubrac - Franklin,0,,True
20027,Porte de Ménilmontant,0,,True
41204,République - Danton,0,,True
10036,Aqueduc - Villette,0,,True
21024,Billancourt - Général Leclerc,0,,True
11034,Parmentier - Fontaine au Roi,0,,True
9113,Bleue - Trévise,0,,True
21004,Jean Jaurès - Reine,0,,True
16031,Vignes - Boulainvilliers,0,,True
13110,Moulin de la Pointe,0,,True
9016,Choron - Martyrs,0,,True
13027,Mazagran - Pierre de Coubertin,0,,True
21029,Cours de l'Ile Seguin - Parc Billancourt,0,,True
42701,Charles Gide - Fort de Bicêtre,0,,True
42209,Place de l'Europe - Quai de Bercy,0,,True
17108,Bessières - Porte de Clichy,0,,True
22408,Place du 14 Juillet,0,,True
33015,Charles Tillon - Cimetière Communal,0,,True
7017,La Motte-Picquet - La Tour Maubourg,0,,True
8201,Arsène Houssaye - Friedland,0,,True
9102,Londres - Place d'Estienne d'Orves,0,,True
44011,Lebrun - Colonel Fabien,0,,True
15036,Croix Nivert - Square Saint-Lambert,0,,True
14031,Didot - Place de Moro-Giafferi,0,,True
11033,Bréguet - Sabin,0,,True
40006,Université Paris Est Créteil,0,,True
16036,Porte Molitor,0,,True
5007,Ecoles - Carmes,0,,True
10034,Louis Blanc - La Chapelle,0,,True
10011,Bourse du Travail,0,,True
2021,Cléry - Montmartre,0,,True
6031,Pierre Sarrazin - Saint-Michel,0,,True
41208,Alouettes - Maréchal de Lattre de Tassigny,0,,True
6201,Saint Pères - Saint Germain,0,,True
28005,Jean Jaurès - Paul Lafargue,0,,True
6007,Bréa - Raspail,0,,True
10166,Strasbourg - Saint-Denis,0,,True
8202,Londres - Europe,0,,True
21704,Place du Maréchal de Lattre de Tassigny,1,,False
15053,Lecourbe - Convention,0,,True
15027,Duhamel - André Gide,2,,False
31105,Lavoisier - Missak Manouchian,0,,True
11016,Philippe-Auguste,0,,True
21205,Arthur Auger - Jean Jaurès,0,,True
21107,Bertrand Sincholle - Henri Barbusse,0,,True
16104,Paul Valery - Victor Hugo,0,,True
30005,Convention - Campus de Bobigny,0,,True
17036,Place Tristan Bernard,0,,True
8003,Galilée - Vernet,5,,False
26010,Louis Armand - Bernard Palissy,0,,True
19018,Cité de la Musique,0,,True
13203,Square de Choisy - Eastman,0,,True
18044,Clichy - Douai,0,,True
16005,Raymond Poincaré - Place Victor Hugo,0,,True
12201,Dugommier,0,,True
40008,Créteil Pompadour,0,,True
32012,Carrefour Pleyel,0,,True
42016,Pierre et Marie Curie - Maurice Thorez,0,,True
12031,Gabriel Lamé,0,,True
1001,Quai de l'Horloge - Pont Neuf,0,,True
19043,Delphine Seyrig - Général Leclerc,0,,True
41302,Charles de Gaulle - Beauté,0,,True
14008,Mouton Duvernet - Général Leclerc,0,,True
18028,Championnet - Vauvenargues,0,,True
15109,Cevennes - Bergers,0,,True
17203,Place de la Porte de Champeret,0,,True
4016,Lobau - Hôtel de Ville,0,,True
20131,Repos - Cimetière du Père Lachaise,0,,True
6025,Assas - Rennes,4,,False
5028,Censier - Jardin des Plantes,0,,True
32604,Square du Théâtre du Garde-Chasse,0,,True
15201,Place Amédée Gordini - Lefebvre,0,,True
17045,Place des Ternes.,0,,True
12115,Porte de Vincennes,0,,True
25005,18 juin 1940 - Buzenval,0,,True
16034,Porte d'Auteuil,0,,True
23701,Parvis Robert Schuman - Roger Salengro,0,,True
6030,Assas - Vaugirard,0,,True
7014,Saint-François-Xavier,3,,False
17017,Gare de Pont-Cardinet,0,,True
19039,Edouard Pailleron - Simon Bolivar,0,,True
10020,Chabrol - d'Hauteville,0,,True
21001,Transvaal - Charles de Gaulle,0,,True
9118,Faubourg Poissonniere - Delta,0,,True
20019,Place du Maquis du Vercors,0,,True
4011,Hôtel de Ville - Pont-Marie,0,,True
11107,Faidherbe - Dahomey,1,,False
22017,Charles de Gaulle - Louis Philippe,0,,True
22002,Argenson - Château,0,,True
13022,Butte aux Cailles - Esperance,0,,True
21017,Place Marcel Sembat,0,,True
22012,Madeleine Michelis - Roule,0,,True
21120,Docteur Calmette - Martre,0,,True
22403,Pierre Brossolette - Adolphe Pinard,0,,True
5034,Censier - Santeuil,0,,True
42304,Marc Sangnier - Division Leclerc,0,,True
20009,Docteurs Déjérine - Pte de Montreuil,1,,False
23003,Président Wilson - Baudin,0,,True
9027,Douai - Pierre Fontaine,0,,True
6012,Saint-Germain - Ciseaux,0,,True
12038,Picpus - Louis Braille,0,,True
41403,Gare RER - Malleret-Joinville,0,,True
15008,Sèvres - Lecourbe,0,,True
41405,Place de l'Europe - Alfortville,0,,True
13017,Nationale - Vincent Auriol,0,,True
31001,Lagny - Auguste Blanqui,0,,True
14023,Adolphe Pinard - Victor Hugo,5,,False
2004,Square Pierre Lazareff,0,,True
12113,Cardinal Lavigerie,0,,True
2020,Danielle Casanova - Opéra,0,,True
41103,Place de la vache noire,0,,True
15069,Félix Faure - Convention,0,,True
18021,Marcadet - Ramey,0,,True
8046,Marceau - Président Wilson,0,,True
24007,Jean-Baptiste Charcot - Sainte-Geneviève,0,,True
6004,Regard - Rennes,0,,True
15114,Pasteur - Cotentin,0,,True
21033,Sèvres - Maréchal Juin,0,,True
15032,Félix Faure - Lourmel,0,,True
34008,Garibaldi - Gabriel Péri,0,,True
13204,Tolbiac - Boussingault,0,,True
18041,Rochechouart - Martyrs,0,,True
7111,Ecole Militaire - Place Joffre,0,,True
40007,Préfecture de Créteil,0,,True
40014,Créteil Pointe du Lac,0,,True
26005,Hôtel de Ville d'Asnières sur Seine,0,,True
14111,Cassini - Denfert-Rochereau,0,,True
8026,Messine - Place Du Pérou,0,,True
6021,Beaux-Arts - Bonaparte,0,,True
2022,Saint-Fiacre - Poissonière,5,,False
21216,Louis Lejeune - Barbès,0,,True
15068,Général Martial Valin - Pont du Garigliano,0,,True
8053,Place Georges Guillaumin,0,,True
15067,Desaix - Edgar Faure,0,,True
15054,Lecourbe - Jean Maridor,0,,True
17125,Marie-Georges Picquart - Pereire,0,,True
21701,Larmeroux - Baudelaire,0,,True
42010,Mairie d'Ivry-sur-Seine,0,,True
17028,Reims - Raymond Pitet,0,,True
41606,Pasteur - Gambetta,0,,True
19044,Grands Moulins de Pantin,0,,True
11101,Charles Delescluze,0,,True
15055,Vasco de Gama,0,,True
19037,Belleville - Porte des Lilas,0,,True
6018,Michelet - Assas,0,,True
44102,Verdun - Adrien Damalix,0,,True
17122,Bridaine - Lamandé,0,,True
19038,Lassus - Delouvain,0,,True
18008,Square Léon,0,,True
20017,Saint-Blaise - Mouraud,0,,True
21108,Mairie de Clichy,0,,True
6014,Pont de Lodi - Dauphine,0,,True
19021,Mairie du 19ème,7,,False
13019,Fernand Braudel - Vincent Auriol,0,,True
12033,François Truffaut - Saint Emilion,0,,True
21009,Le Corbusier - Jean Jaurès,0,,True
4107,Beaumarchais - Pas de la Mule,0,,True
21307,Victor Cresson - Telles de la Poterie,0,,True
4003,Quai aux Fleurs - Pont Saint-Louis,0,,True
19128,Quai de l'Oise - Aisne,0,,True
22015,Île de la Jatte,0,,True
2108,Vivienne - Montmartre,0,,True
4019,Cloître Saint-Merri - Renard,0,,True
51001,Gare d'Argenteuil,0,,True
20044,Davout - Volga,0,,True
18039,Jardins d'Eole,1,,False
22201,Henri Ravera - Gabriel Péri,0,,True
15128,Cadix - Hameau,0,,True
21309,Mairie d'Issy,2,,False
14019,Sarrette - Général Leclerc,0,,True
21110,Parc Roger Salengro,0,,True
21706,Jean Bleuzen - Square du 11 Novembre,0,,True
1026,Place du Lieutenant Henri Karcher,0,,True
23042,André Theuriet - Blagis,0,,True
32022,Henri Barbusse - Marcel Cachin,0,,True
32020,Jules Guesdes - Carnot,0,,True
44004,Place de l'Eglise - Vitry-sur-Seine,0,,True
23303,Gare de Robinson,0,,True
19114,Manin - Secrétan,0,,True
24005,Edith Cavell - Volta,0,,True
41602,Place Charles Digeon,0,,True
42303,Place Eustache Deschamps,0,,True
16017,Siam - La Pompe,0,,True
17006,Guy Môquet - Compoint,4,,False
21207,Verdier - République,2,,False
20011,Pyrénées - Dagorno,0,,True
13037,Ivry - Baudricourt,4,,False
13008,Place d'Italie - Soeur Rosalie,0,,True
20035,Pyrénées - Ménilmontant,0,,True
19045,Macdonald - Césaria Evora,0,,True
22302,Gare RER - Général de Gaulle,0,,True
7007,Musée d'Orsay,0,,True
45005,Stalingrad - Général de Gaulle,0,,True
18024,Clignancourt - Ordener,0,,True
7201,Place De Fontenoy - Saxe,0,,True
11046,Place de la République - Voltaire,0,,True
9025,Taitbout - Châteaudun,2,,False
16001,Portugais - Kléber,0,,True
21302,Aristide Briand - Place de la Résistance,0,,True
25006,Place Nelson Mandela,0,,True
2017,Caire - Dussoubs,0,,True
13118,Regnault - Patay,8,,False
8009,Gare Saint-Lazare - Isly,0,,True
9028,Moncey - Blanche,0,,True
16039,Exelmans - Versailles,0,,True
5032,Panthéon - Valette,0,,True
10042,Enghien - Faubourg Poissonnière,0,,True
19024,Botzaris - Parc des Buttes Chaumont,0,,True
19022,Marché Secrétan,0,,True
20043,Charonne - Avron,0,,True
42015,Place Jean Ferrat,0,,True
44010,8 Mai 1945 - 10 Juillet 1940,0,,True
12027,Montgallet - Charenton,0,,True
17102,Alfred Roll - Berthier,1,,False
23001,Paul Vaillant Couturier - Chaptal,0,,True
31702,Pierre et Marie Curie - Julien Grimau,0,,True
15035,Place Etienne Pernet,0,,True
16015,Bassano -  Iéna,0,,True
16027,Mozart - Jasmin,0,,True
14030,Pernety - Raymond Losserand,0,,True
6032,Sabot - Rennes,0,,True
1117,Pont Neuf - Rivoli,0,,True
23903,Stade Gaston Bouillant,0,,True
13041,Porte d'Ivry,7,,False
7013,Duroc - Place de Breteuil,0,,True
19031,Manin - Crimée,4,,False
31018,Gambetta - Michelet,0,,True
14007,Ferrus - Saint-Jacques,0,,True
14016,René Coty - Parc Montsouris,0,,True
21951,Place Centrale,0,,True
16101,Malakoff - Place de la Porte Maillot,0,,True
8013,Marignan - Champs-Elysées,0,,True
6008,Assas - Luxembourg,0,,True
92001,Mairie de quartier du Plateau - Mont-Valérien,0,,True
17107,Berthier - Place Stuart Merril,0,,True
17024,Villiers - Batignolles,0,,True
1006,Grande Truanderie - Saint-Denis,0,,True
7012,Cité Vaneau,0,,True
20008,Pyrénées - Avron,0,,True
20029,Frères Flavien - Porte des Lilas,0,,True
23702,Hôtel de Ville de Chaville,0,,True
4017,Place de l'Hôtel de Ville,0,,True
9039,Chaussée d'Antin - Haussmann,0,,True
35005,Quai de l'Aisne - Général Leclerc,0,,True
1024,Coquillière - Louvre,0,,True
20140,Paganini - Davout,0,,True
15018,Dutot - Place Alleray,0,,True
51008,Martyrs de Châteaubriant - Jean Grandel,0,,True
42024,Danielle Casanova - Ledru-Rollin,0,,True
13116,Place du Docteur Yersin,0,,True
18016,Francoeur - Caulaincourt,0,,True
21022,Dôme - République,0,,True
20012,Buzenval - Vignoles,0,,True
13006,Duméril - Jeanne d'Arc,0,,True
22404,Pierre Brossolette - 12 Février 1934,0,,True
20110,Gambetta - Tourelles,0,,True
15120,Colonel Pierre Avia,0,,True
22014,Victor Hugo - Bineau,0,,True
21007,Rond-Point Rhin et Danube,0,,True
22007,Commandant Charcot - Bretteville,0,,True
14110,Abbé Carton - Plantes,0,,True
22018,Charles de Gaulle - Les Sablons,0,,True
31201,Suzanne Masson,0,,True
13035,Choisy - Tolbiac,0,,True
7109,Place Joffre - Frédéric le Play,0,,True
40004,Créteil Village,0,,True
20137,Borrégo - Gambetta,0,,True
18043,Clichy - Place Blanche,0,,True
34014,Michelet - Dr Bauer,0,,True
17032,Jean Oestreicher - Porte de Champerret,0,,True
31706,Château - République,0,,True
12111,Claude Decaen - Cannebière,0,,True
2111,Chabanais - Petits Champs,0,,True
21209,Molière - République,0,,True
16202,Commandant Schloesing - Pétrarque,1,,False
48010,Karl Marx,0,,True
16038,Molitor - Chardon-Lagache,0,,True
21104,Madame de Sanzillon - Mozart,0,,True
20121,Boyer - Ménilmontant,0,,True
5123,Saint-Germain - Thenard,0,,True
16111,Faustin Hélie - Desbordes-Valmore,0,,True
12034,Pirogues de Bercy - Libourne,0,,True
20113,Piat - Parc de Belleville,0,,True
20036,Ménilmontant - Pelleport,0,,True
92004,Nanterre - Université,0,,True
23002,Pont de Levallois-bécon,0,,True
6103,Mézières - Rennes,0,,True
21032,Sèvres-Gallieni,0,,True
32014,Place du Cornillon - Stade de France,0,,True
21703,Square du Carrefour de l'Insurrection,0,,True
34010,Hôtel de Ville de Saint-Ouen,0,,True
17022,Pereire - Place de Wagram,0,,True
3101,Porte Saint-Martin,0,,True
42011,Quai Marcel Boyer - Victor Hugo,0,,True
22103,Senard - Charles Blum,0,,True
19124,Alexander Fleming - Belvédère,0,,True
12125,Pyramide - Parc Floral,1,,False
11109,Pierre Levée - Fontaine Timbaud,0,,True
21031,Cimetière de Boulogne-Billancourt,0,,True
16024,Ranelagh - Maison de la Radio,0,,True
13121,Bruneseau - Quai d'Ivry,0,,True
13126,Place Nationale - Château-des-Rentiers,0,,True
40009,Lycée Saint Exupéry - Juliette Savar,0,,True
44007,Camille Groult - Guy Môquet,0,,True
9114,Faubourg Poissonnière - Dunkerque,0,,True
1021,Halles - Bourdonnais,0,,True
21314,Chemin de Bretagne,0,,True
12155,Rottembourg - Général Michel Bizot,0,,True
13018,Bruant - Vincent Auriol,0,,True
13052,Leredde - Tolbiac,0,,True
16019,Porte de la Muette,0,,True
10019,Paradis - Hauteville,0,,True
16012,Flandrin - Longchamp,0,,True
42505,Charles Frérot - Albert Guilpin,0,,True
1007,Turbigo - Française,0,,True
18004,Place des Abbesses,0,,True
2003,Saint-Denis - Réaumur,0,,True
2005,Montmartre - Etienne Marcel,0,,True
4015,Mairie du 4ème,0,,True
14133,Froidevaux - Boulard,0,,True
21509,Gardenat Lapostol - Franklin Roosevelt,0,,True
4007,Place de la Bastille - Bourdon,0,,True
22506,Gare des Vallées,0,,True
32024,Port - Confluence,0,,True
15040,Saint-Amand - Labrouste,0,,True
42028,Verdun - Carnot,0,,True
42019,Lampes,0,,True
45004,République - Louis Loucheur,0,,True
34011,Clef des Champs - Albert Dhalenne,0,,True
13024,Bobillot - Tolbiac,0,,True
15203,Porte de Versailles,0,,True
15012,Cambronne - Mademoiselle,0,,True
16116,George Sand - Jean de La Fontaine,0,,True
22701,Général Leclerc - République,0,,True
20014,Charonne - Alexandre Dumas,0,,True
19014,Lorraine - Jean Jaurès,0,,True
14025,Jacquier - Didot,0,,True
21508,Georges Pompidou - Verdun,0,,True
13053,Chevaleret - Tolbiac,0,,True
10151,Gare du Nord - Faubourg Saint-Denis,0,,True
16006,Lauriston - Copernic,0,,True
8008,Joseph Sansboeuf - Saint Lazare,0,,True
15062,Convention - Lourmel,0,,True
12105,Bercy - Villot,0,,True
8052,Balzac - Champs Elysées,0,,True
32017,Basilique,22,,False
6003,Saint-Sulpice,0,,True
33006,André Karman - République,0,,True
14108,Le Brix et Mesmin - Jourdan,0,,True
9106,Boudreau - Auber,0,,True
16026,Ranelagh - Mozart,0,,True
45003,11 Novembre 1918 - 8 Mai 1945,0,,True
8034,Berri - Haussmann,0,,True
18022,Marcadet - Barbès,0,,True
11039,Richard Lenoir - Jean-Pierre Timbaud,0,,True
23006,Jules Guesde - Alsace,0,,True
11105,Parmentier - République,0,,True
46001,Place Paul Eluard,0,,True
20111,Villiers de l'Isle Adam - Pyrénées,0,,True
19008,Flandre - Alphonse Karr,0,,True
23009,Anatole France - Louise Michel,0,,True
10113,Parmentier - Hôpital Saint-Louis,0,,True
11115,Montreuil - Gonnet,0,,True
16018,Flandrin - Henri Martin,0,,True
92003,Chanzy - Sud-Est,0,,True
35009,Jean Lolive - Parc Stalingrad,0,,True
34002,Capitaine Glarner - Gabriel Péri,0,,True
14130,Jonquoy - Didot,0,,True
5030,Sorbonne - Ecoles,0,,True
12153,Terroirs de France - Lheureux,0,,True
10004,Metz - Faubourg Saint-Denis,0,,True
13011,Hôpital - Campo-Formio,2,,False
11021,Charonne - Pierre Bayle,3,,False
18006,Square Louise Michel,0,,True
11017,Charonne - Bureau,2,,False
12026,Place Ginette Hamelin,0,,True
12035,Madagascar - Meuniers,0,,True
33014,Parc Eli Lotar,0,,True
16042,Murat - Porte de Saint-Cloud,0,,True
3008,Perle - Vieille du Temple,0,,True
47003,Charentonneau - Maisons Alfort,0,,True
20104,Louis Lumière.,0,,True
12156,Niger - Soult,0,,True
9037,Parme - Clichy,0,,True
7021,Bosquet - Saint-Dominique,0,,True
14132,Bézout - Général Leclerc,0,,True
44001,Quai Jules Guesde - Saint-Simon,0,,True
10041,Gare du Nord - La Chapelle,0,,True
1025,Oratoire - Rivoli,0,,True
23101,Grande Rue - Europe,0,,True
17106,Berthier - Porte de Clichy,0,,True
48008,Guy Môquet - Parvis Georges Marchais,0,,True
32011,Stade de France - Francis de Pressensé,0,,True
19117,Euryale Dehaynin - Loire,0,,True
42205,Place Aristide Briand,0,,True
12039,Général Michel Bizot - Claude Decaen,7,,False
1201,Perrault - Place du Louvre,0,,True
21112,Claude Debussy - Marc Bloch,1,,False
5107,Pontoise - La Tournelle,0,,True
17010,Jonquière - Docteur Paul Brousse,0,,True
31202,Gabriel Péri - Jules Ferry,0,,True
8039,Colisée - Champs-Elysées,0,,True
31024,Romainville - Vaillant-Couturier,0,,True
17044,Porte de Saint-Ouen - Bessières,0,,True
9008,Tour d'Auvergne - Rodier,0,,True
15112,Vigée-Lebrun - Anselme Payen,0,,True
9001,Bellefond - Poissonnière,0,,True
8016,Square Louis XVI,0,,True
10029,Dunkerque - Rocroy,0,,True
19026,Place de Rhin et Danube,0,,True
31009,Place Du Général De Gaulle,0,,True
43008,Fontenay - Libération,0,,True
21312,Lucie Aubrac - Fort,0,,True
25003,Henri Ste-Claire Déville - Paul Héroult,0,,True
17105,Place Madeleine Daniélou,0,,True
20134,Lieutenant Chauré - Etienne Marey,0,,True
11035,Parmentier - Abel Rabaud,0,,True
22006,Pierret - Madrid,0,,True
92008,Hôtel de Ville de Nanterre,0,,True
12009,Charenton - Diderot,0,,True
42029,Stalingrad - Germaine Tailleferre,0,,True
17011,Fragonard - Porte de Clichy,0,,True
21109,Guichet - Jean Jaurès,0,,True
17018,Parc Monceau,0,,True
10005,Petites Ecuries - Faubourg Poissonnière,0,,True
5002,Sommerard - Saint-Jacques,0,,True
7004,Raspail - Varenne,0,,True
21111,Professeur René Leriche - Général Leclerc,0,,True
7006,Quai Voltaire,0,,True
7005,Raspail - Bac,0,,True
11010,Boulets - Faubourg Saint-Antoine,0,,True
22102,Mont Valérien - Michel Salles,0,,True
23304,Mairie de Sceaux,0,,True
15107,Palais des Sports,0,,True
17201,Porte Maillot - Perreire,0,,True
18138,Station Paris Basketball - Ney - Charles Hermite,0,,True
14006,Saint-Jacques - Tombe Issoire,0,,True
15063,Convention - Saint-Charles,0,,True
15020,Mairie du 15ème,0,,True
12120,Lac Daumesnil - Saint-Maurice,50,,False
20047,Cours de Vincennes - Davout,0,,True
9013,Mairie du 9ème,0,,True
7024,Rapp - Place du Général Gouraud,0,,True
15131,Charles Lecocq - Lecourbe,0,,True
10017,Gare de l'Est - Fidélité,0,,True
22013,Mairie de Neuilly sur Seine,0,,True
13048,Wurtz - Tolbiac,0,,True
20122,Vitruve - Davout,0,,True
42501,Raspail - Albert Schweitzer,0,,True
22303,Lucien Lanternier - Le Luth,0,,True
15022,Emile Zola - Fondary,0,,True
15071,Suffren - Champ de Mars,0,,True
12101,Charenton - Prague,0,,True
15127,Place Charles Michels,0,,True
6010,Chevreuse - Montparnasse,0,,True
45002,Roger Salengro - Général de Gaulle,0,,True
3010,Beaubourg - Michel-le-Comte,0,,True
16037,Molitor - Michel-Ange,0,,True
17019,Phalsbourg - Villiers,0,,True
19010,Emile Reynaud - Porte de la Villette,0,,True
15132,Bargue -  Dutot,0,,True
14103,Maine - Liancourt,0,,True
3006,Mairie du 3ème,4,,False
1014,Rivoli - Musée du Louvre,0,,True
33020,Waldeck Rochet - Germaine Tillon,0,,True
1018,Alger - Rivoli,0,,True
2008,Mairie du 2ème,0,,True
42018,Amédée Huon - Fort d'Ivry,0,,True
17021,Jouffroy d'Abbans - Villiers,0,,True
26012,Jardin Modèle - Pierre Boudou,0,,True
23202,Henri Barbusse - Gabriel Péri,0,,True
10202,Bichat - Grange aux Belles,0,,True
13028,Gouthière - Poterne des Peupliers,0,,True
16025,Jean de la Fontaine - Boulainvilliers,0,,True
31701,Mairie de Bagnolet,0,,True
8007,Rome - Provence,0,,True
12040,Porte de Charenton,0,,True
5031,Lacépède - Linné,0,,True
23106,Pavé des Gardes - Charles Vaillant,0,,True
9029,Saint-Lazare - Place d'Estienne d'Orves,0,,True
34009,Dora Maar - Nadia Guendouz,0,,True
41304,Port - Maurice Chevalier,0,,True
10025,Jemmapes - Ecluses Saint-Martin,0,,True
9035,Gare Saint-Lazare - Place de Budapest,0,,True
26009,Marceau Delorme - Pierre Brossolette,0,,True
13202,Place Farhat Hached,8,,False
11012,Montreuil - Voltaire,0,,True
12107,Diderot - Pierre Bourdan,0,,True
23801,Place de la Gare,0,,True
22504,Château - République,0,,True
31708,Noisy le Sec - Jean-Baptiste Clément,0,,True
17038,Grande Armée - Brunel,0,,True
32001,Proudhon - Président Wilson,0,,True
9020,Toudouze - Clauzel,0,,True
43002,Lagny - Victor Basch,0,,True
17048,De Toqueville - Terrasse,0,,True
26002,Redoute - Les Courtilles,0,,True
17030,Pereire - Rennequin,0,,True
46003,Conservatoire de Musique,0,,True
18046,Etienne Jodelle - Saint Ouen,0,,True
1020,Cambon - Rivoli,0,,True
11030,Oberkampf - République,0,,True
21008,Victor Hugo - Galliéni,0,,True
42302,Aristide Briand - Gare de Bagneux,0,,True
42301,Gare Arcueil - Cachan,0,,True
51004,Général Delambre - Prebuard,0,,True
8033,Commandant Rivière,0,,True
26001,Gare d'Asnières sur Seine,0,,True
21308,Bara - Henri Farman,0,,True
18032,Porte de Clignancourt.,0,,True
8051,Batignolles - Rome,0,,True
5121,Square René Viviani - Montebello,0,,True
20016,Pyrénées - Maraîchers,0,,True
16043,Place de Passy,0,,True
20116,Haies - Réunion,0,,True
9101,Cadet - La Fayette,0,,True
31704,Jeanne Hornet - Girardot,2,,False
10163,Gare du Nord - Demarquay,0,,True
7101,Raspail - Chomel,0,,True
1016,Thérèse - Opéra,0,,True
17033,Carnot - Général Lanrezac,0,,True
17104,Jardin Marguerite Long,0,,True
19030,Melun - Jean Jaurès,0,,True
35008,Place de l'Eglise - Pantin,0,,True
20117,Saint-Fargeau - Mortier,0,,True
32021,Place du Front Populaire - George Sand,0,,True
11103,Pelée - Alphonse Baudin,0,,True
11032,Jean-Pierre Timbaud - Vaucouleurs,0,,True
10018,Square Alban Satragne,0,,True
32301,Mairie de Romainville,0,,True
8549,George V - Christophe Colomb,0,,True
14101,Gare Montparnasse - Edgar Quinet,7,,False
8020,Batignolles - Beudant,0,,True
22501,Théâtre de La Garenne,0,,True
10105,Mazagran - Bonne Nouvelle,0,,True
21401,Mairie de Clamart,0,,True
23004,Paul Vaillant-Couturier - Victor Hugo,0,,True
12018,Saint-Mandé - Fabre d'Eglantine,0,,True
13009,Auguste Blanqui - Corvisart,0,,True
8027,Mairie du 8ème,0,,True
19110,Square Claude Bernard,0,,True
22401,Charles de Gaulle - Plateau de Vanves,0,,True
32013,Saint-Denis - Université,0,,True
26006,Bas - Gabriel Péri,0,,True
12163,Hippodrome Paris-Vincennes,0,,True
4009,Village Saint-Paul,0,,True
18014,Léon - Doudeauville,0,,True
20010,Sorbier - Gasnier-Guy,0,,True
6015,André Mazet - Saint-André des Arts,0,,True
8040,Pierre Charron - Champs-Elysées,0,,True
48001,Chastenet de Géry - Marcel Paul,0,,True
10003,Hauteville - Bonne Nouvelle,0,,True
14027,Gergovie - Alésia,0,,True
15044,Dantzig - Lefebvre,0,,True
6005,Montparnasse -  Square Ozanam,0,,True
11040,Temple - Jean-Pierre Timbaud,5,,False
48011,Epi d'Or - Chevilly,0,,True
22208,Stalingrad - Barbara,0,,True
22305,Jean Jaurès - Place du Dr Roux,0,,True
34012,Bateliers - Quai de Seine,0,,True
21514,Place de la Paix - Abbé Saint-Pierre,0,,True
18042,Place Pigalle,0,,True
15060,Place de la Montagne du Goulet,5,,False
11011,Richard Lenoir - Voltaire,0,,True
7025,Octave Gréard - Tour Eiffel,8,,False
13106,Bobillot - Paulin Mery,5,,False
10013,Alibert - Jemmapes,0,,True
15056,Place Balard,0,,True
